id,GMS_B,GMS_A
1,9.57262,3.79253
