id,GMS_B,GMS_A
1,9.45669,3.81233
