id,GMS_B,GMS_A
1,9.70798,4.09604
